champion_id,riot_key,display_name,roles,pool_tier,patch_window,exported_at,dimension,score,score_ci_low,score_ci_high,score_n,score_support,unknown_rate,score_norm
9,Jhin,Jhin,adc,1,16.18..16.20,2026-10-24,engage,-1.180,-1.399,-0.961,80,solid,0.12,0.023
9,Jhin,Jhin,adc,1,16.18..16.20,2026-10-24,poke,1.060,0.809,1.311,61,solid,0.07,0.864
9,Jhin,Jhin,adc,1,16.18..16.20,2026-10-24,pick,0.880,0.616,1.144,55,solid,0.07,0.677
9,Jhin,Jhin,adc,1,16.18..16.20,2026-10-24,peel,-0.440,-0.709,-0.171,53,solid,0.07,0.310
9,Jhin,Jhin,adc,1,16.18..16.20,2026-10-24,mobility,-0.920,-1.163,-0.677,65,solid,0.14,0.074
9,Jhin,Jhin,adc,1,16.18..16.20,2026-10-24,scaling,0.410,0.161,0.659,62,solid,0.03,0.446
9,Jhin,Jhin,adc,1,16.18..16.20,2026-10-24,cc,0.340,0.106,0.574,70,solid,0.03,0.513
9,Jhin,Jhin,adc,1,16.18..16.20,2026-10-24,waveclear,0.280,-0.084,0.644,29,limited,0.07,0.542
12,Alistar,Alistar,support,1,16.18..16.20,2026-10-24,engage,1.420,1.259,1.581,148,solid,0.03,1.000
12,Alistar,Alistar,support,1,16.18..16.20,2026-10-24,poke,-1.350,-1.534,-1.166,114,solid,0.10,0.000
12,Alistar,Alistar,support,1,16.18..16.20,2026-10-24,pick,0.620,0.427,0.813,103,solid,0.10,0.576
12,Alistar,Alistar,support,1,16.18..16.20,2026-10-24,peel,1.280,1.082,1.478,98,solid,0.10,0.977
12,Alistar,Alistar,support,1,16.18..16.20,2026-10-24,mobility,0.150,-0.028,0.328,121,solid,0.07,0.470
12,Alistar,Alistar,support,1,16.18..16.20,2026-10-24,scaling,-0.880,-1.062,-0.698,116,solid,0.17,0.000
12,Alistar,Alistar,support,1,16.18..16.20,2026-10-24,cc,1.630,1.459,1.801,131,solid,0.05,1.000
12,Alistar,Alistar,support,1,16.18..16.20,2026-10-24,waveclear,-1.380,-1.647,-1.113,54,solid,0.34,0.000
18,Darius,Darius,top,1,16.18..16.20,2026-10-24,engage,0.710,0.539,0.881,132,solid,0.07,0.733
18,Darius,Darius,top,1,16.18..16.20,2026-10-24,poke,-0.620,-0.815,-0.425,101,solid,0.03,0.262
18,Darius,Darius,top,1,16.18..16.20,2026-10-24,pick,0.940,0.736,1.144,92,solid,0.03,0.700
18,Darius,Darius,top,1,16.18..16.20,2026-10-24,peel,-0.850,-1.060,-0.640,87,solid,0.03,0.151
18,Darius,Darius,top,1,16.18..16.20,2026-10-24,mobility,-1.120,-1.308,-0.932,109,solid,0.12,0.000
18,Darius,Darius,top,1,16.18..16.20,2026-10-24,scaling,-0.340,-0.532,-0.148,104,solid,0.10,0.187
18,Darius,Darius,top,1,16.18..16.20,2026-10-24,cc,0.280,0.099,0.461,117,solid,0.10,0.491
18,Darius,Darius,top,1,16.18..16.20,2026-10-24,waveclear,-0.210,-0.493,0.073,48,solid,0.03,0.382
25,Garen,Garen,top,1,16.18..16.20,2026-10-24,engage,0.440,0.238,0.642,94,solid,0.05,0.632
25,Garen,Garen,top,1,16.18..16.20,2026-10-24,poke,-1.020,-1.251,-0.789,72,solid,0.12,0.118
25,Garen,Garen,top,1,16.18..16.20,2026-10-24,pick,0.350,0.109,0.591,66,solid,0.12,0.471
25,Garen,Garen,top,1,16.18..16.20,2026-10-24,peel,-0.580,-0.829,-0.331,62,solid,0.12,0.256
25,Garen,Garen,top,1,16.18..16.20,2026-10-24,mobility,-0.310,-0.533,-0.087,77,solid,0.10,0.300
25,Garen,Garen,top,1,16.18..16.20,2026-10-24,scaling,-0.520,-0.748,-0.292,74,solid,0.07,0.125
25,Garen,Garen,top,1,16.18..16.20,2026-10-24,cc,0.110,-0.105,0.325,83,solid,0.07,0.426
25,Garen,Garen,top,1,16.18..16.20,2026-10-24,waveclear,0.620,0.284,0.956,34,limited,0.12,0.654
30,Karma,Karma,support|mid,1,16.18..16.20,2026-10-24,engage,-0.350,-0.583,-0.117,71,solid,0.05,0.335
30,Karma,Karma,support|mid,1,16.18..16.20,2026-10-24,poke,0.940,0.673,1.207,54,solid,0.12,0.821
30,Karma,Karma,support|mid,1,16.18..16.20,2026-10-24,pick,-0.120,-0.400,0.160,49,solid,0.12,0.288
30,Karma,Karma,support|mid,1,16.18..16.20,2026-10-24,peel,1.050,0.764,1.336,47,solid,0.12,0.888
30,Karma,Karma,support|mid,1,16.18..16.20,2026-10-24,mobility,0.380,0.123,0.637,58,solid,0.10,0.556
30,Karma,Karma,support|mid,1,16.18..16.20,2026-10-24,scaling,-0.210,-0.474,0.054,55,solid,0.07,0.232
30,Karma,Karma,support|mid,1,16.18..16.20,2026-10-24,cc,0.220,-0.029,0.469,62,solid,0.07,0.468
30,Karma,Karma,support|mid,1,16.18..16.20,2026-10-24,waveclear,0.440,0.056,0.824,26,limited,0.22,0.595
34,Kayle,Kayle,top|mid,1,16.18..16.20,2026-10-24,engage,-1.240,-1.428,-1.052,109,solid,0.12,0.000
34,Kayle,Kayle,top|mid,1,16.18..16.20,2026-10-24,poke,0.220,0.005,0.435,83,solid,0.07,0.563
34,Kayle,Kayle,top|mid,1,16.18..16.20,2026-10-24,pick,-0.860,-1.085,-0.635,76,solid,0.07,0.000
34,Kayle,Kayle,top|mid,1,16.18..16.20,2026-10-24,peel,0.310,0.079,0.541,72,solid,0.07,0.601
34,Kayle,Kayle,top|mid,1,16.18..16.20,2026-10-24,mobility,-0.180,-0.388,0.028,89,solid,0.05,0.348
34,Kayle,Kayle,top|mid,1,16.18..16.20,2026-10-24,scaling,2.010,1.797,2.223,85,solid,0.03,1.000
34,Kayle,Kayle,top|mid,1,16.18..16.20,2026-10-24,cc,-0.740,-0.940,-0.540,96,solid,0.03,0.106
34,Kayle,Kayle,top|mid,1,16.18..16.20,2026-10-24,waveclear,0.860,0.550,1.170,40,limited,0.07,0.732
41,Lucian,Lucian,adc|mid,1,16.18..16.20,2026-10-24,engage,-0.420,-0.617,-0.223,99,solid,0.10,0.308
41,Lucian,Lucian,adc|mid,1,16.18..16.20,2026-10-24,poke,0.580,0.355,0.805,76,solid,0.05,0.692
41,Lucian,Lucian,adc|mid,1,16.18..16.20,2026-10-24,pick,0.510,0.274,0.746,69,solid,0.05,0.533
41,Lucian,Lucian,adc|mid,1,16.18..16.20,2026-10-24,peel,-0.620,-0.863,-0.377,65,solid,0.05,0.240
41,Lucian,Lucian,adc|mid,1,16.18..16.20,2026-10-24,mobility,1.120,0.902,1.338,81,solid,0.03,0.830
41,Lucian,Lucian,adc|mid,1,16.18..16.20,2026-10-24,scaling,-0.660,-0.883,-0.437,77,solid,0.12,0.076
41,Lucian,Lucian,adc|mid,1,16.18..16.20,2026-10-24,cc,-0.480,-0.690,-0.270,87,solid,0.12,0.204
41,Lucian,Lucian,adc|mid,1,16.18..16.20,2026-10-24,waveclear,0.350,0.023,0.677,36,limited,0.05,0.565
48,Nami,Nami,support,1,16.18..16.20,2026-10-24,engage,-0.280,-0.503,-0.057,77,solid,0.07,0.361
48,Nami,Nami,support,1,16.18..16.20,2026-10-24,poke,0.420,0.165,0.675,59,solid,0.03,0.634
48,Nami,Nami,support,1,16.18..16.20,2026-10-24,pick,0.180,-0.087,0.447,54,solid,0.03,0.405
48,Nami,Nami,support,1,16.18..16.20,2026-10-24,peel,1.340,1.066,1.614,51,solid,0.03,1.000
48,Nami,Nami,support,1,16.18..16.20,2026-10-24,mobility,-0.550,-0.797,-0.303,63,solid,0.12,0.211
48,Nami,Nami,support,1,16.18..16.20,2026-10-24,scaling,0.120,-0.131,0.371,61,solid,0.10,0.346
48,Nami,Nami,support,1,16.18..16.20,2026-10-24,cc,0.960,0.722,1.198,68,solid,0.10,0.747
48,Nami,Nami,support,1,16.18..16.20,2026-10-24,waveclear,-0.720,-1.090,-0.350,28,limited,0.31,0.216
55,Ziggs,Ziggs,mid,2,16.18..16.20,2026-10-24,engage,-0.910,-1.241,-0.579,35,limited,0.05,0.124
55,Ziggs,Ziggs,mid,2,16.18..16.20,2026-10-24,poke,1.440,1.063,1.817,27,limited,0.12,1.000
55,Ziggs,Ziggs,mid,2,16.18..16.20,2026-10-24,pick,-0.380,-0.780,0.020,24,limited,0.12,0.187
55,Ziggs,Ziggs,mid,2,16.18..16.20,2026-10-24,peel,-0.660,-1.069,-0.251,23,limited,0.12,0.225
55,Ziggs,Ziggs,mid,2,16.18..16.20,2026-10-24,mobility,-0.720,-1.084,-0.356,29,limited,0.10,0.148
55,Ziggs,Ziggs,mid,2,16.18..16.20,2026-10-24,scaling,0.340,-0.037,0.717,27,limited,0.07,0.422
55,Ziggs,Ziggs,mid,2,16.18..16.20,2026-10-24,cc,0.120,-0.232,0.472,31,limited,0.07,0.430
55,Ziggs,Ziggs,mid,2,16.18..16.20,2026-10-24,waveclear,1.680,1.136,2.224,13,limited,0.12,1.000
61,Syndra,Syndra,mid,1,16.18..16.20,2026-10-24,engage,-0.220,-0.402,-0.038,116,solid,0.10,0.383
61,Syndra,Syndra,mid,1,16.18..16.20,2026-10-24,poke,1.280,1.072,1.488,89,solid,0.05,0.943
61,Syndra,Syndra,mid,1,16.18..16.20,2026-10-24,pick,1.020,0.802,1.238,81,solid,0.05,0.732
61,Syndra,Syndra,mid,1,16.18..16.20,2026-10-24,peel,-0.310,-0.533,-0.087,77,solid,0.05,0.360
61,Syndra,Syndra,mid,1,16.18..16.20,2026-10-24,mobility,-0.440,-0.640,-0.240,96,solid,0.03,0.252
61,Syndra,Syndra,mid,1,16.18..16.20,2026-10-24,scaling,0.940,0.736,1.144,92,solid,0.12,0.630
61,Syndra,Syndra,mid,1,16.18..16.20,2026-10-24,cc,0.680,0.487,0.873,103,solid,0.12,0.642
61,Syndra,Syndra,mid,1,16.18..16.20,2026-10-24,waveclear,0.720,0.421,1.019,43,solid,0.05,0.686
72,Zed,Zed,mid,1,16.18..16.20,2026-10-24,engage,0.180,0.015,0.345,141,solid,0.03,0.534
72,Zed,Zed,mid,1,16.18..16.20,2026-10-24,poke,0.340,0.151,0.529,108,solid,0.10,0.606
72,Zed,Zed,mid,1,16.18..16.20,2026-10-24,pick,1.710,1.512,1.908,98,solid,0.10,1.000
72,Zed,Zed,mid,1,16.18..16.20,2026-10-24,peel,-1.240,-1.443,-1.037,93,solid,0.10,0.000
72,Zed,Zed,mid,1,16.18..16.20,2026-10-24,mobility,1.580,1.398,1.762,116,solid,0.07,1.000
72,Zed,Zed,mid,1,16.18..16.20,2026-10-24,scaling,0.220,0.034,0.406,111,solid,0.05,0.381
72,Zed,Zed,mid,1,16.18..16.20,2026-10-24,cc,-1.020,-1.195,-0.845,125,solid,0.05,0.000
72,Zed,Zed,mid,1,16.18..16.20,2026-10-24,waveclear,0.180,-0.092,0.452,52,solid,0.10,0.510
77,Ivern,Ivern,jungle,3,16.18..16.20,2026-10-24,engage,,,,0,insufficient,,
77,Ivern,Ivern,jungle,3,16.18..16.20,2026-10-24,poke,,,,0,insufficient,,
77,Ivern,Ivern,jungle,3,16.18..16.20,2026-10-24,pick,,,,0,insufficient,,
77,Ivern,Ivern,jungle,3,16.18..16.20,2026-10-24,peel,0.340,-0.640,1.320,4,insufficient,0.28,0.612
77,Ivern,Ivern,jungle,3,16.18..16.20,2026-10-24,mobility,,,,0,insufficient,,
77,Ivern,Ivern,jungle,3,16.18..16.20,2026-10-24,scaling,,,,0,insufficient,,
77,Ivern,Ivern,jungle,3,16.18..16.20,2026-10-24,cc,0.510,-0.290,1.310,6,insufficient,0.24,0.577
77,Ivern,Ivern,jungle,3,16.18..16.20,2026-10-24,waveclear,,,,0,insufficient,,
88,Sejuani,Sejuani,jungle,1,16.18..16.20,2026-10-24,engage,1.280,1.037,1.523,65,solid,0.07,0.947
88,Sejuani,Sejuani,jungle,1,16.18..16.20,2026-10-24,poke,-0.940,-1.217,-0.663,50,solid,0.03,0.147
88,Sejuani,Sejuani,jungle,1,16.18..16.20,2026-10-24,pick,0.440,0.148,0.732,45,solid,0.03,0.506
88,Sejuani,Sejuani,jungle,1,16.18..16.20,2026-10-24,peel,0.720,0.421,1.019,43,solid,0.03,0.760
88,Sejuani,Sejuani,jungle,1,16.18..16.20,2026-10-24,mobility,0.240,-0.029,0.509,53,solid,0.12,0.504
88,Sejuani,Sejuani,jungle,1,16.18..16.20,2026-10-24,scaling,0.180,-0.094,0.454,51,solid,0.10,0.367
88,Sejuani,Sejuani,jungle,1,16.18..16.20,2026-10-24,cc,1.510,1.250,1.770,57,solid,0.10,0.955
88,Sejuani,Sejuani,jungle,1,16.18..16.20,2026-10-24,waveclear,-0.380,-0.780,0.020,24,limited,0.19,0.327
