champion_id,riot_key,display_name,roles,pool_tier,patch_window,exported_at,trait,proportion,proportion_ci_low,proportion_ci_high,proportion_n,proportion_support
9,Jhin,Jhin,adc,1,16.18..16.20,2026-10-24,engage,0.050,0.015,0.153,47,solid
9,Jhin,Jhin,adc,1,16.18..16.20,2026-10-24,poke,0.780,0.643,0.875,47,solid
9,Jhin,Jhin,adc,1,16.18..16.20,2026-10-24,pick,0.620,0.477,0.745,47,limited
9,Jhin,Jhin,adc,1,16.18..16.20,2026-10-24,peel,0.090,0.036,0.206,47,solid
9,Jhin,Jhin,adc,1,16.18..16.20,2026-10-24,front_to_back,0.740,0.600,0.844,47,solid
9,Jhin,Jhin,adc,1,16.18..16.20,2026-10-24,dive,0.060,0.020,0.167,47,solid
9,Jhin,Jhin,adc,1,16.18..16.20,2026-10-24,split_push,0.120,0.055,0.243,47,solid
12,Alistar,Alistar,support,1,16.18..16.20,2026-10-24,engage,0.910,0.815,0.959,64,solid
12,Alistar,Alistar,support,1,16.18..16.20,2026-10-24,poke,0.040,0.013,0.119,64,solid
12,Alistar,Alistar,support,1,16.18..16.20,2026-10-24,pick,0.340,0.236,0.462,64,solid
12,Alistar,Alistar,support,1,16.18..16.20,2026-10-24,peel,0.770,0.653,0.856,64,solid
12,Alistar,Alistar,support,1,16.18..16.20,2026-10-24,front_to_back,0.520,0.400,0.638,64,solid
12,Alistar,Alistar,support,1,16.18..16.20,2026-10-24,dive,0.610,0.488,0.720,64,solid
12,Alistar,Alistar,support,1,16.18..16.20,2026-10-24,split_push,0.020,0.004,0.090,64,solid
18,Darius,Darius,top,1,16.18..16.20,2026-10-24,engage,0.580,0.452,0.698,58,solid
18,Darius,Darius,top,1,16.18..16.20,2026-10-24,poke,0.060,0.022,0.153,58,solid
18,Darius,Darius,top,1,16.18..16.20,2026-10-24,pick,0.440,0.320,0.568,58,solid
18,Darius,Darius,top,1,16.18..16.20,2026-10-24,peel,0.080,0.034,0.179,58,solid
18,Darius,Darius,top,1,16.18..16.20,2026-10-24,front_to_back,0.410,0.293,0.538,58,solid
18,Darius,Darius,top,1,16.18..16.20,2026-10-24,dive,0.290,0.189,0.417,58,solid
18,Darius,Darius,top,1,16.18..16.20,2026-10-24,split_push,0.720,0.594,0.819,58,solid
25,Garen,Garen,top,1,16.18..16.20,2026-10-24,engage,0.460,0.318,0.609,41,limited
25,Garen,Garen,top,1,16.18..16.20,2026-10-24,poke,0.040,0.010,0.149,41,solid
25,Garen,Garen,top,1,16.18..16.20,2026-10-24,pick,0.380,0.248,0.533,41,limited
25,Garen,Garen,top,1,16.18..16.20,2026-10-24,peel,0.110,0.046,0.241,41,solid
25,Garen,Garen,top,1,16.18..16.20,2026-10-24,front_to_back,0.340,0.214,0.493,41,limited
25,Garen,Garen,top,1,16.18..16.20,2026-10-24,dive,0.220,0.120,0.368,41,solid
25,Garen,Garen,top,1,16.18..16.20,2026-10-24,split_push,0.810,0.666,0.901,41,solid
30,Karma,Karma,support|mid,1,16.18..16.20,2026-10-24,engage,0.180,0.089,0.329,38,solid
30,Karma,Karma,support|mid,1,16.18..16.20,2026-10-24,poke,0.710,0.552,0.830,38,limited
30,Karma,Karma,support|mid,1,16.18..16.20,2026-10-24,pick,0.210,0.110,0.363,38,limited
30,Karma,Karma,support|mid,1,16.18..16.20,2026-10-24,peel,0.820,0.671,0.911,38,solid
30,Karma,Karma,support|mid,1,16.18..16.20,2026-10-24,front_to_back,0.580,0.423,0.722,38,limited
30,Karma,Karma,support|mid,1,16.18..16.20,2026-10-24,dive,0.340,0.210,0.499,38,limited
30,Karma,Karma,support|mid,1,16.18..16.20,2026-10-24,split_push,0.070,0.023,0.196,38,solid
34,Kayle,Kayle,top|mid,1,16.18..16.20,2026-10-24,engage,0.040,0.011,0.132,52,solid
34,Kayle,Kayle,top|mid,1,16.18..16.20,2026-10-24,poke,0.280,0.176,0.414,52,solid
34,Kayle,Kayle,top|mid,1,16.18..16.20,2026-10-24,pick,0.060,0.021,0.160,52,solid
34,Kayle,Kayle,top|mid,1,16.18..16.20,2026-10-24,peel,0.380,0.261,0.516,52,limited
34,Kayle,Kayle,top|mid,1,16.18..16.20,2026-10-24,front_to_back,0.880,0.765,0.943,52,solid
34,Kayle,Kayle,top|mid,1,16.18..16.20,2026-10-24,dive,0.120,0.057,0.235,52,solid
34,Kayle,Kayle,top|mid,1,16.18..16.20,2026-10-24,split_push,0.780,0.650,0.871,52,solid
41,Lucian,Lucian,adc|mid,1,16.18..16.20,2026-10-24,engage,0.220,0.123,0.362,44,solid
41,Lucian,Lucian,adc|mid,1,16.18..16.20,2026-10-24,poke,0.540,0.396,0.678,44,limited
41,Lucian,Lucian,adc|mid,1,16.18..16.20,2026-10-24,pick,0.480,0.340,0.623,44,limited
41,Lucian,Lucian,adc|mid,1,16.18..16.20,2026-10-24,peel,0.120,0.054,0.248,44,solid
41,Lucian,Lucian,adc|mid,1,16.18..16.20,2026-10-24,front_to_back,0.610,0.463,0.740,44,limited
41,Lucian,Lucian,adc|mid,1,16.18..16.20,2026-10-24,dive,0.440,0.304,0.586,44,limited
41,Lucian,Lucian,adc|mid,1,16.18..16.20,2026-10-24,split_push,0.180,0.094,0.318,44,solid
48,Nami,Nami,support,1,16.18..16.20,2026-10-24,engage,0.240,0.130,0.400,36,limited
48,Nami,Nami,support,1,16.18..16.20,2026-10-24,poke,0.480,0.327,0.637,36,limited
48,Nami,Nami,support,1,16.18..16.20,2026-10-24,pick,0.320,0.191,0.483,36,limited
48,Nami,Nami,support,1,16.18..16.20,2026-10-24,peel,0.860,0.712,0.938,36,solid
48,Nami,Nami,support,1,16.18..16.20,2026-10-24,front_to_back,0.640,0.477,0.776,36,limited
48,Nami,Nami,support,1,16.18..16.20,2026-10-24,dive,0.280,0.160,0.442,36,limited
48,Nami,Nami,support,1,16.18..16.20,2026-10-24,split_push,0.030,0.006,0.145,36,solid
55,Ziggs,Ziggs,mid,2,16.18..16.20,2026-10-24,engage,0.070,0.018,0.241,24,solid
55,Ziggs,Ziggs,mid,2,16.18..16.20,2026-10-24,poke,0.910,0.733,0.974,24,solid
55,Ziggs,Ziggs,mid,2,16.18..16.20,2026-10-24,pick,0.120,0.041,0.304,24,limited
55,Ziggs,Ziggs,mid,2,16.18..16.20,2026-10-24,peel,0.090,0.026,0.267,24,solid
55,Ziggs,Ziggs,mid,2,16.18..16.20,2026-10-24,front_to_back,0.720,0.520,0.859,24,limited
55,Ziggs,Ziggs,mid,2,16.18..16.20,2026-10-24,dive,0.040,0.007,0.200,24,solid
55,Ziggs,Ziggs,mid,2,16.18..16.20,2026-10-24,split_push,0.380,0.215,0.578,24,limited
61,Syndra,Syndra,mid,1,16.18..16.20,2026-10-24,engage,0.160,0.083,0.287,49,solid
61,Syndra,Syndra,mid,1,16.18..16.20,2026-10-24,poke,0.820,0.691,0.903,49,solid
61,Syndra,Syndra,mid,1,16.18..16.20,2026-10-24,pick,0.680,0.540,0.793,49,limited
61,Syndra,Syndra,mid,1,16.18..16.20,2026-10-24,peel,0.140,0.069,0.263,49,solid
61,Syndra,Syndra,mid,1,16.18..16.20,2026-10-24,front_to_back,0.580,0.441,0.707,49,limited
61,Syndra,Syndra,mid,1,16.18..16.20,2026-10-24,dive,0.220,0.127,0.354,49,solid
61,Syndra,Syndra,mid,1,16.18..16.20,2026-10-24,split_push,0.210,0.119,0.343,49,solid
72,Zed,Zed,mid,1,16.18..16.20,2026-10-24,engage,0.120,0.058,0.231,55,solid
72,Zed,Zed,mid,1,16.18..16.20,2026-10-24,poke,0.340,0.229,0.472,55,solid
72,Zed,Zed,mid,1,16.18..16.20,2026-10-24,pick,0.880,0.769,0.942,55,solid
72,Zed,Zed,mid,1,16.18..16.20,2026-10-24,peel,0.040,0.012,0.128,55,solid
72,Zed,Zed,mid,1,16.18..16.20,2026-10-24,front_to_back,0.180,0.101,0.301,55,solid
72,Zed,Zed,mid,1,16.18..16.20,2026-10-24,dive,0.620,0.488,0.736,55,solid
72,Zed,Zed,mid,1,16.18..16.20,2026-10-24,split_push,0.680,0.548,0.788,55,solid
77,Ivern,Ivern,jungle,3,16.18..16.20,2026-10-24,engage,,,,0,insufficient
77,Ivern,Ivern,jungle,3,16.18..16.20,2026-10-24,poke,,,,0,insufficient
77,Ivern,Ivern,jungle,3,16.18..16.20,2026-10-24,pick,,,,0,insufficient
77,Ivern,Ivern,jungle,3,16.18..16.20,2026-10-24,peel,,,,0,insufficient
77,Ivern,Ivern,jungle,3,16.18..16.20,2026-10-24,front_to_back,,,,0,insufficient
77,Ivern,Ivern,jungle,3,16.18..16.20,2026-10-24,dive,,,,0,insufficient
77,Ivern,Ivern,jungle,3,16.18..16.20,2026-10-24,split_push,,,,0,insufficient
88,Sejuani,Sejuani,jungle,1,16.18..16.20,2026-10-24,engage,0.890,0.740,0.958,33,solid
88,Sejuani,Sejuani,jungle,1,16.18..16.20,2026-10-24,poke,0.070,0.021,0.209,33,solid
88,Sejuani,Sejuani,jungle,1,16.18..16.20,2026-10-24,pick,0.410,0.260,0.578,33,limited
88,Sejuani,Sejuani,jungle,1,16.18..16.20,2026-10-24,peel,0.580,0.412,0.731,33,limited
88,Sejuani,Sejuani,jungle,1,16.18..16.20,2026-10-24,front_to_back,0.620,0.450,0.765,33,limited
88,Sejuani,Sejuani,jungle,1,16.18..16.20,2026-10-24,dive,0.740,0.571,0.859,33,limited
88,Sejuani,Sejuani,jungle,1,16.18..16.20,2026-10-24,split_push,0.050,0.012,0.182,33,solid
