champion_id,riot_key,display_name,roles,pool_tier,patch_window,exported_at,role,lane_strength,lane_strength_ci_low,lane_strength_ci_high,lane_strength_n,lane_strength_support
9,Jhin,Jhin,adc,1,16.18..16.20,2026-10-24,top,,,,0,insufficient
9,Jhin,Jhin,adc,1,16.18..16.20,2026-10-24,mid,,,,0,insufficient
9,Jhin,Jhin,adc,1,16.18..16.20,2026-10-24,adc,-0.180,-0.454,0.094,34,solid
12,Alistar,Alistar,support,1,16.18..16.20,2026-10-24,top,,,,0,insufficient
12,Alistar,Alistar,support,1,16.18..16.20,2026-10-24,mid,,,,0,insufficient
12,Alistar,Alistar,support,1,16.18..16.20,2026-10-24,adc,,,,0,insufficient
18,Darius,Darius,top,1,16.18..16.20,2026-10-24,top,0.820,0.587,1.053,47,solid
18,Darius,Darius,top,1,16.18..16.20,2026-10-24,mid,,,,0,insufficient
18,Darius,Darius,top,1,16.18..16.20,2026-10-24,adc,,,,0,insufficient
25,Garen,Garen,top,1,16.18..16.20,2026-10-24,top,0.340,0.080,0.600,38,solid
25,Garen,Garen,top,1,16.18..16.20,2026-10-24,mid,,,,0,insufficient
25,Garen,Garen,top,1,16.18..16.20,2026-10-24,adc,,,,0,insufficient
30,Karma,Karma,support|mid,1,16.18..16.20,2026-10-24,top,,,,0,insufficient
30,Karma,Karma,support|mid,1,16.18..16.20,2026-10-24,mid,0.120,-0.413,0.653,9,limited
30,Karma,Karma,support|mid,1,16.18..16.20,2026-10-24,adc,,,,0,insufficient
34,Kayle,Kayle,top|mid,1,16.18..16.20,2026-10-24,top,-0.880,-1.130,-0.630,41,solid
34,Kayle,Kayle,top|mid,1,16.18..16.20,2026-10-24,mid,-0.620,-1.048,-0.192,14,limited
34,Kayle,Kayle,top|mid,1,16.18..16.20,2026-10-24,adc,,,,0,insufficient
41,Lucian,Lucian,adc|mid,1,16.18..16.20,2026-10-24,top,,,,0,insufficient
41,Lucian,Lucian,adc|mid,1,16.18..16.20,2026-10-24,mid,0.280,-0.202,0.762,11,limited
41,Lucian,Lucian,adc|mid,1,16.18..16.20,2026-10-24,adc,0.640,0.343,0.937,29,solid
48,Nami,Nami,support,1,16.18..16.20,2026-10-24,top,,,,0,insufficient
48,Nami,Nami,support,1,16.18..16.20,2026-10-24,mid,,,,0,insufficient
48,Nami,Nami,support,1,16.18..16.20,2026-10-24,adc,,,,0,insufficient
55,Ziggs,Ziggs,mid,2,16.18..16.20,2026-10-24,top,,,,0,insufficient
55,Ziggs,Ziggs,mid,2,16.18..16.20,2026-10-24,mid,-0.240,-0.640,0.160,16,limited
55,Ziggs,Ziggs,mid,2,16.18..16.20,2026-10-24,adc,,,,0,insufficient
61,Syndra,Syndra,mid,1,16.18..16.20,2026-10-24,top,,,,0,insufficient
61,Syndra,Syndra,mid,1,16.18..16.20,2026-10-24,mid,0.460,0.219,0.701,44,solid
61,Syndra,Syndra,mid,1,16.18..16.20,2026-10-24,adc,,,,0,insufficient
72,Zed,Zed,mid,1,16.18..16.20,2026-10-24,top,,,,0,insufficient
72,Zed,Zed,mid,1,16.18..16.20,2026-10-24,mid,0.710,0.488,0.932,52,solid
72,Zed,Zed,mid,1,16.18..16.20,2026-10-24,adc,,,,0,insufficient
77,Ivern,Ivern,jungle,3,16.18..16.20,2026-10-24,top,,,,0,insufficient
77,Ivern,Ivern,jungle,3,16.18..16.20,2026-10-24,mid,,,,0,insufficient
77,Ivern,Ivern,jungle,3,16.18..16.20,2026-10-24,adc,,,,0,insufficient
88,Sejuani,Sejuani,jungle,1,16.18..16.20,2026-10-24,top,,,,0,insufficient
88,Sejuani,Sejuani,jungle,1,16.18..16.20,2026-10-24,mid,,,,0,insufficient
88,Sejuani,Sejuani,jungle,1,16.18..16.20,2026-10-24,adc,,,,0,insufficient
